game_id,gw,finished,team_a,team_h,team_h_name,team_h_score,team_a_name,team_a_score,kickoff_time,team_h_difficulty,team_a_difficulty
144,1,TRUE,12,8,Everton,1,Liverpool,0,2024-08-18T19:00:00Z,5,2
1,1,TRUE,9,14,Man Utd,1,Fulham,0,2024-08-16T19:00:00Z,2,3
4,1,TRUE,12,10,Ipswich,0,Liverpool,2,2024-08-17T11:30:00Z,5,2
2,1,TRUE,20,1,Arsenal,2,Wolves,0,2024-08-17T14:00:00Z,2,5
3,1,TRUE,5,8,Everton,0,Brighton,3,2024-08-17T14:00:00Z,2,2
5,1,TRUE,17,15,Newcastle,1,Southampton,0,2024-08-17T14:00:00Z,2,4
6,1,TRUE,3,16,Nott'm Forest,1,Bournemouth,1,2024-08-17T14:00:00Z,2,2
7,1,TRUE,2,19,West Ham,1,Aston Villa,2,2024-08-17T16:30:00Z,3,2
8,1,TRUE,7,4,Brentford,2,Crystal Palace,1,2024-08-18T13:00:00Z,2,3
9,1,TRUE,13,6,Chelsea,0,Man City,2,2024-08-18T15:30:00Z,5,4
10,1,TRUE,18,11,Leicester,1,Spurs,1,2024-08-19T19:00:00Z,4,2
13,2,TRUE,14,5,Brighton,2,Man Utd,1,2024-08-24T11:30:00Z,3,3
14,2,TRUE,19,7,Crystal Palace,0,West Ham,2,2024-08-24T14:00:00Z,2,2
15,2,TRUE,11,9,Fulham,2,Leicester,1,2024-08-24T14:00:00Z,2,3
17,2,TRUE,10,13,Man City,4,Ipswich,1,2024-08-24T14:00:00Z,2,5
18,2,TRUE,16,17,Southampton,0,Nott'm Forest,1,2024-08-24T14:00:00Z,3,2
19,2,TRUE,8,18,Spurs,4,Everton,0,2024-08-24T14:00:00Z,2,4
11,2,TRUE,1,2,Aston Villa,0,Arsenal,2,2024-08-24T16:30:00Z,5,4
12,2,TRUE,15,3,Bournemouth,1,Newcastle,1,2024-08-25T13:00:00Z,3,3
20,2,TRUE,6,20,Wolves,2,Chelsea,6,2024-08-25T13:00:00Z,4,2
16,2,TRUE,4,12,Liverpool,2,Brentford,0,2024-08-25T15:30:00Z,2,5
21,3,TRUE,5,1,Arsenal,1,Brighton,1,2024-08-31T11:30:00Z,2,5
22,3,TRUE,17,4,Brentford,3,Southampton,1,2024-08-31T14:00:00Z,2,3
24,3,TRUE,3,8,Everton,2,Bournemouth,3,2024-08-31T14:00:00Z,2,2
25,3,TRUE,9,10,Ipswich,1,Fulham,1,2024-08-31T14:00:00Z,2,2
26,3,TRUE,2,11,Leicester,1,Aston Villa,2,2024-08-31T14:00:00Z,3,2
29,3,TRUE,20,16,Nott'm Forest,1,Wolves,1,2024-08-31T14:00:00Z,2,2
30,3,TRUE,13,19,West Ham,1,Man City,3,2024-08-31T16:30:00Z,5,2
23,3,TRUE,7,6,Chelsea,1,Crystal Palace,1,2024-09-01T12:30:00Z,2,4
28,3,TRUE,18,15,Newcastle,2,Spurs,1,2024-09-01T12:30:00Z,4,4
27,3,TRUE,12,14,Man Utd,0,Liverpool,3,2024-09-01T15:00:00Z,5,3
38,4,TRUE,14,17,Southampton,0,Man Utd,3,2024-09-14T11:30:00Z,3,2
33,4,TRUE,10,5,Brighton,0,Ipswich,0,2024-09-14T14:00:00Z,2,3
34,4,TRUE,11,7,Crystal Palace,2,Leicester,2,2024-09-14T14:00:00Z,2,2
35,4,TRUE,19,9,Fulham,1,West Ham,1,2024-09-14T14:00:00Z,2,3
36,4,TRUE,16,12,Liverpool,0,Nott'm Forest,1,2024-09-14T14:00:00Z,3,5
37,4,TRUE,4,13,Man City,2,Brentford,1,2024-09-14T14:00:00Z,2,5
31,4,TRUE,8,2,Aston Villa,3,Everton,2,2024-09-14T16:30:00Z,2,4
32,4,TRUE,6,3,Bournemouth,0,Chelsea,1,2024-09-14T19:00:00Z,4,3
39,4,TRUE,1,18,Spurs,0,Arsenal,1,2024-09-15T13:00:00Z,5,4
40,4,TRUE,15,20,Wolves,1,Newcastle,2,2024-09-15T15:30:00Z,3,2
50,5,TRUE,6,19,West Ham,0,Chelsea,3,2024-09-21T11:30:00Z,4,2
41,5,TRUE,20,2,Aston Villa,3,Wolves,1,2024-09-21T14:00:00Z,2,4
44,5,TRUE,15,9,Fulham,3,Newcastle,1,2024-09-21T14:00:00Z,3,3
45,5,TRUE,8,11,Leicester,1,Everton,1,2024-09-21T14:00:00Z,2,2
46,5,TRUE,3,12,Liverpool,3,Bournemouth,0,2024-09-21T14:00:00Z,2,5
48,5,TRUE,10,17,Southampton,1,Ipswich,1,2024-09-21T14:00:00Z,2,2
49,5,TRUE,4,18,Spurs,3,Brentford,1,2024-09-21T14:00:00Z,2,4
43,5,TRUE,14,7,Crystal Palace,0,Man Utd,0,2024-09-21T16:30:00Z,3,2
42,5,TRUE,16,5,Brighton,2,Nott'm Forest,2,2024-09-22T13:00:00Z,3,3
47,5,TRUE,1,13,Man City,2,Arsenal,2,2024-09-22T15:30:00Z,5,5
58,6,TRUE,13,15,Newcastle,1,Man City,1,2024-09-28T11:30:00Z,5,4
51,6,TRUE,11,1,Arsenal,4,Leicester,2,2024-09-28T14:00:00Z,2,5
53,6,TRUE,19,4,Brentford,1,West Ham,1,2024-09-28T14:00:00Z,2,3
54,6,TRUE,5,6,Chelsea,4,Brighton,2,2024-09-28T14:00:00Z,2,4
55,6,TRUE,7,8,Everton,2,Crystal Palace,1,2024-09-28T14:00:00Z,2,2
59,6,TRUE,9,16,Nott'm Forest,0,Fulham,1,2024-09-28T14:00:00Z,2,2
60,6,TRUE,12,20,Wolves,1,Liverpool,2,2024-09-28T16:30:00Z,5,2
56,6,TRUE,2,10,Ipswich,2,Aston Villa,2,2024-09-29T13:00:00Z,3,2
57,6,TRUE,18,14,Man Utd,0,Spurs,3,2024-09-29T15:30:00Z,4,3
52,6,TRUE,17,3,Bournemouth,3,Southampton,1,2024-09-30T19:00:00Z,2,3
66,7,TRUE,12,7,Crystal Palace,0,Liverpool,1,2024-10-05T11:30:00Z,5,2
61,7,TRUE,17,1,Arsenal,3,Southampton,1,2024-10-05T14:00:00Z,2,5
63,7,TRUE,20,4,Brentford,5,Wolves,3,2024-10-05T14:00:00Z,2,3
68,7,TRUE,3,11,Leicester,1,Bournemouth,0,2024-10-05T14:00:00Z,2,2
69,7,TRUE,9,13,Man City,3,Fulham,2,2024-10-05T14:00:00Z,2,5
70,7,TRUE,10,19,West Ham,4,Ipswich,1,2024-10-05T14:00:00Z,2,2
67,7,TRUE,15,8,Everton,0,Newcastle,0,2024-10-05T16:30:00Z,3,2
62,7,TRUE,14,2,Aston Villa,0,Man Utd,0,2024-10-06T13:00:00Z,3,4
65,7,TRUE,16,6,Chelsea,1,Nott'm Forest,1,2024-10-06T13:00:00Z,3,4
64,7,TRUE,18,5,Brighton,3,Spurs,2,2024-10-06T15:30:00Z,4,3
79,8,TRUE,19,18,Spurs,4,West Ham,1,2024-10-19T11:30:00Z,2,4
72,8,TRUE,2,9,Fulham,1,Aston Villa,3,2024-10-19T14:00:00Z,3,3
75,8,TRUE,4,14,Man Utd,2,Brentford,1,2024-10-19T14:00:00Z,2,3
76,8,TRUE,5,15,Newcastle,0,Brighton,1,2024-10-19T14:00:00Z,2,4
78,8,TRUE,11,17,Southampton,2,Leicester,3,2024-10-19T14:00:00Z,2,2
73,8,TRUE,8,10,Ipswich,0,Everton,2,2024-10-19T14:15:00Z,2,2
71,8,TRUE,1,3,Bournemouth,2,Arsenal,0,2024-10-19T16:30:00Z,5,3
80,8,TRUE,13,20,Wolves,1,Man City,2,2024-10-20T13:00:00Z,5,2
74,8,TRUE,6,12,Liverpool,2,Chelsea,1,2024-10-20T15:30:00Z,4,5
77,8,TRUE,7,16,Nott'm Forest,1,Crystal Palace,0,2024-10-21T19:00:00Z,2,2
88,9,TRUE,16,11,Leicester,1,Nott'm Forest,3,2024-10-25T19:00:00Z,3,2
82,9,TRUE,3,2,Aston Villa,1,Bournemouth,1,2024-10-26T14:00:00Z,2,4
83,9,TRUE,10,4,Brentford,4,Ipswich,3,2024-10-26T14:00:00Z,2,3
84,9,TRUE,20,5,Brighton,2,Wolves,2,2024-10-26T14:00:00Z,2,3
89,9,TRUE,17,13,Man City,1,Southampton,0,2024-10-26T14:00:00Z,2,5
87,9,TRUE,9,8,Everton,1,Fulham,1,2024-10-26T16:30:00Z,2,2
85,9,TRUE,15,6,Chelsea,2,Newcastle,1,2024-10-27T14:00:00Z,3,4
86,9,TRUE,18,7,Crystal Palace,1,Spurs,0,2024-10-27T14:00:00Z,4,2
90,9,TRUE,14,19,West Ham,2,Man Utd,1,2024-10-27T14:00:00Z,3,2
81,9,TRUE,12,1,Arsenal,2,Liverpool,2,2024-10-27T16:30:00Z,5,5
96,10,TRUE,1,15,Newcastle,1,Arsenal,0,2024-11-02T12:30:00Z,5,4
91,10,TRUE,13,3,Bournemouth,2,Man City,1,2024-11-02T15:00:00Z,5,3
93,10,TRUE,11,10,Ipswich,1,Leicester,1,2024-11-02T15:00:00Z,2,2
94,10,TRUE,5,12,Liverpool,2,Brighton,1,2024-11-02T15:00:00Z,2,5
97,10,TRUE,19,16,Nott'm Forest,3,West Ham,0,2024-11-02T15:00:00Z,2,2
98,10,TRUE,8,17,Southampton,1,Everton,0,2024-11-02T15:00:00Z,2,2
100,10,TRUE,7,20,Wolves,2,Crystal Palace,2,2024-11-02T17:30:00Z,2,2
99,10,TRUE,2,18,Spurs,4,Aston Villa,1,2024-11-03T14:00:00Z,3,4
95,10,TRUE,6,14,Man Utd,1,Chelsea,1,2024-11-03T16:30:00Z,4,3
92,10,TRUE,4,9,Fulham,2,Brentford,1,2024-11-04T20:00:00Z,2,3
101,11,TRUE,3,4,Brentford,3,Bournemouth,2,2024-11-09T15:00:00Z,2,3
104,11,TRUE,9,7,Crystal Palace,0,Fulham,2,2024-11-09T15:00:00Z,2,2
109,11,TRUE,8,19,West Ham,0,Everton,0,2024-11-09T15:00:00Z,2,2
110,11,TRUE,17,20,Wolves,2,Southampton,0,2024-11-09T15:00:00Z,2,2
102,11,TRUE,13,5,Brighton,2,Man City,1,2024-11-09T17:30:00Z,5,3
105,11,TRUE,2,12,Liverpool,2,Aston Villa,0,2024-11-09T20:00:00Z,3,5
106,11,TRUE,11,14,Man Utd,3,Leicester,0,2024-11-10T14:00:00Z,2,3
107,11,TRUE,15,16,Nott'm Forest,1,Newcastle,3,2024-11-10T14:00:00Z,3,2
108,11,TRUE,10,18,Spurs,1,Ipswich,2,2024-11-10T14:00:00Z,2,4
103,11,TRUE,1,6,Chelsea,1,Arsenal,1,2024-11-10T16:30:00Z,5,4
117,12,TRUE,6,11,Leicester,1,Chelsea,2,2024-11-23T12:30:00Z,4,2
111,12,TRUE,16,1,Arsenal,3,Nott'm Forest,0,2024-11-23T15:00:00Z,3,5
112,12,TRUE,7,2,Aston Villa,2,Crystal Palace,2,2024-11-23T15:00:00Z,2,4
113,12,TRUE,5,3,Bournemouth,1,Brighton,2,2024-11-23T15:00:00Z,2,3
114,12,TRUE,4,8,Everton,0,Brentford,0,2024-11-23T15:00:00Z,2,2
115,12,TRUE,20,9,Fulham,1,Wolves,4,2024-11-23T15:00:00Z,2,3
118,12,TRUE,18,13,Man City,0,Spurs,4,2024-11-23T17:30:00Z,4,5
120,12,TRUE,12,17,Southampton,2,Liverpool,3,2024-11-24T14:00:00Z,5,2
116,12,TRUE,14,10,Ipswich,1,Man Utd,1,2024-11-24T16:30:00Z,3,2
119,12,TRUE,19,15,Newcastle,0,West Ham,2,2024-11-25T20:00:00Z,2,4
122,13,TRUE,17,5,Brighton,1,Southampton,1,2024-11-29T20:00:00Z,2,3
121,13,TRUE,11,4,Brentford,4,Leicester,1,2024-11-30T15:00:00Z,2,3
124,13,TRUE,15,7,Crystal Palace,1,Newcastle,1,2024-11-30T15:00:00Z,3,2
127,13,TRUE,10,16,Nott'm Forest,1,Ipswich,0,2024-11-30T15:00:00Z,2,2
130,13,TRUE,3,20,Wolves,2,Bournemouth,4,2024-11-30T15:00:00Z,2,2
129,13,TRUE,1,19,West Ham,2,Arsenal,5,2024-11-30T17:30:00Z,5,2
123,13,TRUE,2,6,Chelsea,3,Aston Villa,0,2024-12-01T13:30:00Z,3,4
126,13,TRUE,8,14,Man Utd,4,Everton,0,2024-12-01T13:30:00Z,2,3
128,13,TRUE,9,18,Spurs,1,Fulham,1,2024-12-01T13:30:00Z,2,4
125,13,TRUE,13,12,Liverpool,2,Man City,0,2024-12-01T16:00:00Z,5,5
136,14,TRUE,7,10,Ipswich,0,Crystal Palace,1,2024-12-03T19:30:00Z,2,2
137,14,TRUE,19,11,Leicester,3,West Ham,1,2024-12-03T20:15:00Z,2,2
134,14,TRUE,20,8,Everton,4,Wolves,0,2024-12-04T19:30:00Z,2,2
138,14,TRUE,16,13,Man City,3,Nott'm Forest,0,2024-12-04T19:30:00Z,3,5
139,14,TRUE,12,15,Newcastle,3,Liverpool,3,2024-12-04T19:30:00Z,5,4
140,14,TRUE,6,17,Southampton,1,Chelsea,5,2024-12-04T19:30:00Z,4,2
131,14,TRUE,14,1,Arsenal,2,Man Utd,0,2024-12-04T20:15:00Z,3,5
132,14,TRUE,4,2,Aston Villa,3,Brentford,1,2024-12-04T20:15:00Z,2,4
135,14,TRUE,5,9,Fulham,3,Brighton,1,2024-12-05T19:30:00Z,2,3
133,14,TRUE,18,3,Bournemouth,1,Spurs,0,2024-12-05T20:15:00Z,4,3
141,15,TRUE,17,2,Aston Villa,1,Southampton,0,2024-12-07T15:00:00Z,2,4
142,15,TRUE,15,4,Brentford,4,Newcastle,2,2024-12-07T15:00:00Z,3,3
143,15,TRUE,13,7,Crystal Palace,2,Man City,2,2024-12-07T15:00:00Z,5,2
148,15,TRUE,16,14,Man Utd,2,Nott'm Forest,3,2024-12-07T17:30:00Z,3,3
145,15,TRUE,1,9,Fulham,1,Arsenal,1,2024-12-08T14:00:00Z,5,3
146,15,TRUE,3,10,Ipswich,1,Bournemouth,2,2024-12-08T14:00:00Z,2,2
147,15,TRUE,5,11,Leicester,2,Brighton,2,2024-12-08T14:00:00Z,2,2
149,15,TRUE,6,18,Spurs,3,Chelsea,4,2024-12-08T16:30:00Z,4,4
150,15,TRUE,20,19,West Ham,2,Wolves,1,2024-12-09T20:00:00Z,2,2
151,16,FALSE,8,1,Arsenal,-1,Everton,-1,2024-12-14T15:00:00Z,2,5
155,16,FALSE,9,12,Liverpool,-1,Fulham,-1,2024-12-14T15:00:00Z,2,5
157,16,FALSE,11,15,Newcastle,-1,Leicester,-1,2024-12-14T15:00:00Z,2,4
160,16,FALSE,10,20,Wolves,-1,Ipswich,-1,2024-12-14T15:00:00Z,2,2
158,16,FALSE,2,16,Nott'm Forest,-1,Aston Villa,-1,2024-12-14T17:30:00Z,3,2
153,16,FALSE,7,5,Brighton,-1,Crystal Palace,-1,2024-12-15T14:00:00Z,2,3
156,16,FALSE,14,13,Man City,-1,Man Utd,-1,2024-12-15T16:30:00Z,3,5
154,16,FALSE,4,6,Chelsea,-1,Brentford,-1,2024-12-15T19:00:00Z,2,4
159,16,FALSE,18,17,Southampton,-1,Spurs,-1,2024-12-15T19:00:00Z,4,2
152,16,FALSE,19,3,Bournemouth,-1,West Ham,-1,2024-12-16T20:00:00Z,2,3
161,17,FALSE,13,2,Aston Villa,-1,Man City,-1,2024-12-21T12:30:00Z,5,4
162,17,FALSE,16,4,Brentford,-1,Nott'm Forest,-1,2024-12-21T15:00:00Z,3,3
166,17,FALSE,15,10,Ipswich,-1,Newcastle,-1,2024-12-21T15:00:00Z,3,2
170,17,FALSE,5,19,West Ham,-1,Brighton,-1,2024-12-21T15:00:00Z,2,2
163,17,FALSE,1,7,Crystal Palace,-1,Arsenal,-1,2024-12-21T17:30:00Z,5,2
164,17,FALSE,6,8,Everton,-1,Chelsea,-1,2024-12-22T14:00:00Z,4,2
165,17,FALSE,17,9,Fulham,-1,Southampton,-1,2024-12-22T14:00:00Z,2,3
167,17,FALSE,20,11,Leicester,-1,Wolves,-1,2024-12-22T14:00:00Z,2,2
168,17,FALSE,3,14,Man Utd,-1,Bournemouth,-1,2024-12-22T14:00:00Z,2,3
169,17,FALSE,12,18,Spurs,-1,Liverpool,-1,2024-12-22T16:30:00Z,5,4
176,18,FALSE,8,13,Man City,-1,Everton,-1,2024-12-26T12:30:00Z,2,5
172,18,FALSE,7,3,Bournemouth,-1,Crystal Palace,-1,2024-12-26T15:00:00Z,2,3
174,18,FALSE,9,6,Chelsea,-1,Fulham,-1,2024-12-26T15:00:00Z,2,4
177,18,FALSE,2,15,Newcastle,-1,Aston Villa,-1,2024-12-26T15:00:00Z,3,4
178,18,FALSE,18,16,Nott'm Forest,-1,Spurs,-1,2024-12-26T15:00:00Z,4,2
179,18,FALSE,19,17,Southampton,-1,West Ham,-1,2024-12-26T15:00:00Z,2,2
180,18,FALSE,14,20,Wolves,-1,Man Utd,-1,2024-12-26T17:30:00Z,3,2
175,18,FALSE,11,12,Liverpool,-1,Leicester,-1,2024-12-26T20:00:00Z,2,5
173,18,FALSE,4,5,Brighton,-1,Brentford,-1,2024-12-27T19:30:00Z,2,3
171,18,FALSE,10,1,Arsenal,-1,Ipswich,-1,2024-12-27T20:15:00Z,2,5
187,19,FALSE,13,11,Leicester,-1,Man City,-1,2024-12-29T14:30:00Z,5,2
183,19,FALSE,17,7,Crystal Palace,-1,Southampton,-1,2024-12-29T15:00:00Z,2,2
184,19,FALSE,16,8,Everton,-1,Nott'm Forest,-1,2024-12-29T15:00:00Z,3,2
185,19,FALSE,3,9,Fulham,-1,Bournemouth,-1,2024-12-29T15:00:00Z,2,3
189,19,FALSE,20,18,Spurs,-1,Wolves,-1,2024-12-29T15:00:00Z,2,4
190,19,FALSE,12,19,West Ham,-1,Liverpool,-1,2024-12-29T17:15:00Z,5,2
181,19,FALSE,5,2,Aston Villa,-1,Brighton,-1,2024-12-30T19:45:00Z,2,4
186,19,FALSE,6,10,Ipswich,-1,Chelsea,-1,2024-12-30T19:45:00Z,4,2
188,19,FALSE,15,14,Man Utd,-1,Newcastle,-1,2024-12-30T20:00:00Z,3,3
182,19,FALSE,1,4,Brentford,-1,Arsenal,-1,2025-01-01T17:30:00Z,5,3
199,20,FALSE,15,18,Spurs,-1,Newcastle,-1,2025-01-04T12:30:00Z,3,4
191,20,FALSE,11,2,Aston Villa,-1,Leicester,-1,2025-01-04T15:00:00Z,2,4
192,20,FALSE,8,3,Bournemouth,-1,Everton,-1,2025-01-04T15:00:00Z,2,3
194,20,FALSE,6,7,Crystal Palace,-1,Chelsea,-1,2025-01-04T15:00:00Z,4,2
197,20,FALSE,19,13,Man City,-1,West Ham,-1,2025-01-04T15:00:00Z,2,5
198,20,FALSE,4,17,Southampton,-1,Brentford,-1,2025-01-04T15:00:00Z,2,2
193,20,FALSE,1,5,Brighton,-1,Arsenal,-1,2025-01-04T17:30:00Z,5,3
195,20,FALSE,10,9,Fulham,-1,Ipswich,-1,2025-01-05T14:00:00Z,2,3
196,20,FALSE,14,12,Liverpool,-1,Man Utd,-1,2025-01-05T16:30:00Z,3,5
200,20,FALSE,16,20,Wolves,-1,Nott'm Forest,-1,2025-01-06T20:00:00Z,3,2
202,21,FALSE,13,4,Brentford,-1,Man City,-1,2025-01-14T19:30:00Z,5,3
208,21,FALSE,3,6,Chelsea,-1,Bournemouth,-1,2025-01-14T19:30:00Z,2,4
207,21,FALSE,9,19,West Ham,-1,Fulham,-1,2025-01-14T19:30:00Z,2,2
206,21,FALSE,12,16,Nott'm Forest,-1,Liverpool,-1,2025-01-14T20:00:00Z,5,2
203,21,FALSE,2,8,Everton,-1,Aston Villa,-1,2025-01-15T19:30:00Z,3,2
205,21,FALSE,7,11,Leicester,-1,Crystal Palace,-1,2025-01-15T19:30:00Z,2,2
210,21,FALSE,20,15,Newcastle,-1,Wolves,-1,2025-01-15T19:30:00Z,2,4
201,21,FALSE,18,1,Arsenal,-1,Spurs,-1,2025-01-15T20:00:00Z,4,5
204,21,FALSE,5,10,Ipswich,-1,Brighton,-1,2025-01-16T19:30:00Z,2,2
209,21,FALSE,17,14,Man Utd,-1,Southampton,-1,2025-01-16T20:00:00Z,2,3
218,22,FALSE,3,15,Newcastle,-1,Bournemouth,-1,2025-01-18T12:30:00Z,2,4
212,22,FALSE,12,4,Brentford,-1,Liverpool,-1,2025-01-18T15:00:00Z,5,3
216,22,FALSE,9,11,Leicester,-1,Fulham,-1,2025-01-18T15:00:00Z,2,2
220,22,FALSE,7,19,West Ham,-1,Crystal Palace,-1,2025-01-18T15:00:00Z,2,2
211,22,FALSE,2,1,Arsenal,-1,Aston Villa,-1,2025-01-18T17:30:00Z,3,5
214,22,FALSE,18,8,Everton,-1,Spurs,-1,2025-01-19T14:00:00Z,4,2
217,22,FALSE,5,14,Man Utd,-1,Brighton,-1,2025-01-19T14:00:00Z,2,3
219,22,FALSE,17,16,Nott'm Forest,-1,Southampton,-1,2025-01-19T14:00:00Z,2,2
215,22,FALSE,13,10,Ipswich,-1,Man City,-1,2025-01-19T16:30:00Z,5,2
213,22,FALSE,20,6,Chelsea,-1,Wolves,-1,2025-01-20T20:00:00Z,2,4
222,23,FALSE,16,3,Bournemouth,-1,Nott'm Forest,-1,2025-01-25T15:00:00Z,3,3
223,23,FALSE,8,5,Brighton,-1,Everton,-1,2025-01-25T15:00:00Z,2,3
226,23,FALSE,10,12,Liverpool,-1,Ipswich,-1,2025-01-25T15:00:00Z,2,5
228,23,FALSE,15,17,Southampton,-1,Newcastle,-1,2025-01-25T15:00:00Z,3,2
230,23,FALSE,1,20,Wolves,-1,Arsenal,-1,2025-01-25T15:00:00Z,5,2
227,23,FALSE,6,13,Man City,-1,Chelsea,-1,2025-01-25T17:30:00Z,4,5
224,23,FALSE,4,7,Crystal Palace,-1,Brentford,-1,2025-01-26T14:00:00Z,2,2
229,23,FALSE,11,18,Spurs,-1,Leicester,-1,2025-01-26T14:00:00Z,2,4
221,23,FALSE,19,2,Aston Villa,-1,West Ham,-1,2025-01-26T16:30:00Z,2,4
225,23,FALSE,14,9,Fulham,-1,Man Utd,-1,2025-01-26T19:00:00Z,3,3
239,24,FALSE,5,16,Nott'm Forest,-1,Brighton,-1,2025-02-01T12:30:00Z,2,2
232,24,FALSE,12,3,Bournemouth,-1,Liverpool,-1,2025-02-01T15:00:00Z,5,3
235,24,FALSE,11,8,Everton,-1,Leicester,-1,2025-02-01T15:00:00Z,2,2
236,24,FALSE,17,10,Ipswich,-1,Southampton,-1,2025-02-01T15:00:00Z,2,2
238,24,FALSE,9,15,Newcastle,-1,Fulham,-1,2025-02-01T15:00:00Z,2,4
240,24,FALSE,2,20,Wolves,-1,Aston Villa,-1,2025-02-01T17:30:00Z,3,2
233,24,FALSE,18,4,Brentford,-1,Spurs,-1,2025-02-02T14:00:00Z,4,3
237,24,FALSE,7,14,Man Utd,-1,Crystal Palace,-1,2025-02-02T14:00:00Z,2,3
231,24,FALSE,13,1,Arsenal,-1,Man City,-1,2025-02-02T16:30:00Z,5,5
234,24,FALSE,19,6,Chelsea,-1,West Ham,-1,2025-02-03T20:00:00Z,2,4
242,25,FALSE,6,5,Brighton,-1,Chelsea,-1,2025-02-14T20:00:00Z,4,3
245,25,FALSE,1,11,Leicester,-1,Arsenal,-1,2025-02-15T12:30:00Z,5,2
241,25,FALSE,10,2,Aston Villa,-1,Ipswich,-1,2025-02-15T15:00:00Z,2,4
244,25,FALSE,16,9,Fulham,-1,Nott'm Forest,-1,2025-02-15T15:00:00Z,3,3
247,25,FALSE,15,13,Man City,-1,Newcastle,-1,2025-02-15T15:00:00Z,3,5
248,25,FALSE,3,17,Southampton,-1,Bournemouth,-1,2025-02-15T15:00:00Z,2,2
250,25,FALSE,4,19,West Ham,-1,Brentford,-1,2025-02-15T15:00:00Z,2,2
243,25,FALSE,8,7,Crystal Palace,-1,Everton,-1,2025-02-15T17:30:00Z,2,2
246,25,FALSE,20,12,Liverpool,-1,Wolves,-1,2025-02-16T14:00:00Z,2,5
249,25,FALSE,14,18,Spurs,-1,Man Utd,-1,2025-02-16T16:30:00Z,3,4
257,26,FALSE,4,11,Leicester,-1,Brentford,-1,2025-02-21T20:00:00Z,2,2
254,26,FALSE,14,8,Everton,-1,Man Utd,-1,2025-02-22T12:30:00Z,3,2
251,26,FALSE,19,1,Arsenal,-1,West Ham,-1,2025-02-22T15:00:00Z,2,5
253,26,FALSE,20,3,Bournemouth,-1,Wolves,-1,2025-02-22T15:00:00Z,2,3
255,26,FALSE,7,9,Fulham,-1,Crystal Palace,-1,2025-02-22T15:00:00Z,2,3
256,26,FALSE,18,10,Ipswich,-1,Spurs,-1,2025-02-22T15:00:00Z,4,2
260,26,FALSE,5,17,Southampton,-1,Brighton,-1,2025-02-22T15:00:00Z,2,2
252,26,FALSE,6,2,Aston Villa,-1,Chelsea,-1,2025-02-22T17:30:00Z,4,4
258,26,FALSE,12,13,Man City,-1,Liverpool,-1,2025-02-23T15:00:00Z,5,5
259,26,FALSE,16,15,Newcastle,-1,Nott'm Forest,-1,2025-02-23T15:00:00Z,3,4
261,27,FALSE,8,4,Brentford,-1,Everton,-1,2025-02-25T19:45:00Z,2,3
262,27,FALSE,3,5,Brighton,-1,Bournemouth,-1,2025-02-25T19:45:00Z,2,3
264,27,FALSE,1,16,Nott'm Forest,-1,Arsenal,-1,2025-02-25T19:45:00Z,5,2
265,27,FALSE,13,18,Spurs,-1,Man City,-1,2025-02-25T19:45:00Z,5,4
266,27,FALSE,11,19,West Ham,-1,Leicester,-1,2025-02-25T19:45:00Z,2,2
267,27,FALSE,9,20,Wolves,-1,Fulham,-1,2025-02-25T19:45:00Z,2,2
263,27,FALSE,2,7,Crystal Palace,-1,Aston Villa,-1,2025-02-25T20:00:00Z,3,2
268,27,FALSE,17,6,Chelsea,-1,Southampton,-1,2025-02-26T19:45:00Z,2,4
269,27,FALSE,15,12,Liverpool,-1,Newcastle,-1,2025-02-26T20:00:00Z,3,5
270,27,FALSE,10,14,Man Utd,-1,Ipswich,-1,2025-02-26T20:00:00Z,2,3
271,28,FALSE,2,4,Brentford,-1,Aston Villa,-1,2025-03-08T15:00:00Z,3,3
272,28,FALSE,9,5,Brighton,-1,Fulham,-1,2025-03-08T15:00:00Z,2,3
273,28,FALSE,11,6,Chelsea,-1,Leicester,-1,2025-03-08T15:00:00Z,2,4
274,28,FALSE,10,7,Crystal Palace,-1,Ipswich,-1,2025-03-08T15:00:00Z,2,2
275,28,FALSE,17,12,Liverpool,-1,Southampton,-1,2025-03-08T15:00:00Z,2,5
276,28,FALSE,1,14,Man Utd,-1,Arsenal,-1,2025-03-08T15:00:00Z,5,3
277,28,FALSE,13,16,Nott'm Forest,-1,Man City,-1,2025-03-08T15:00:00Z,5,2
278,28,FALSE,3,18,Spurs,-1,Bournemouth,-1,2025-03-08T15:00:00Z,2,4
279,28,FALSE,15,19,West Ham,-1,Newcastle,-1,2025-03-08T15:00:00Z,3,2
280,28,FALSE,8,20,Wolves,-1,Everton,-1,2025-03-08T15:00:00Z,2,2
281,29,FALSE,6,1,Arsenal,-1,Chelsea,-1,2025-03-15T15:00:00Z,4,5
282,29,FALSE,12,2,Aston Villa,-1,Liverpool,-1,2025-03-15T15:00:00Z,5,4
283,29,FALSE,4,3,Bournemouth,-1,Brentford,-1,2025-03-15T15:00:00Z,2,3
284,29,FALSE,19,8,Everton,-1,West Ham,-1,2025-03-15T15:00:00Z,2,2
285,29,FALSE,18,9,Fulham,-1,Spurs,-1,2025-03-15T15:00:00Z,4,3
286,29,FALSE,16,10,Ipswich,-1,Nott'm Forest,-1,2025-03-15T15:00:00Z,3,2
287,29,FALSE,14,11,Leicester,-1,Man Utd,-1,2025-03-15T15:00:00Z,3,2
288,29,FALSE,5,13,Man City,-1,Brighton,-1,2025-03-15T15:00:00Z,2,5
289,29,FALSE,7,15,Newcastle,-1,Crystal Palace,-1,2025-03-15T15:00:00Z,2,4
290,29,FALSE,20,17,Southampton,-1,Wolves,-1,2025-03-15T15:00:00Z,2,2
291,30,FALSE,9,1,Arsenal,-1,Fulham,-1,2025-04-01T18:45:00Z,2,5
292,30,FALSE,10,3,Bournemouth,-1,Ipswich,-1,2025-04-01T18:45:00Z,2,3
293,30,FALSE,2,5,Brighton,-1,Aston Villa,-1,2025-04-01T18:45:00Z,3,3
294,30,FALSE,14,16,Nott'm Forest,-1,Man Utd,-1,2025-04-01T18:45:00Z,3,2
295,30,FALSE,19,20,Wolves,-1,West Ham,-1,2025-04-01T18:45:00Z,2,2
296,30,FALSE,18,6,Chelsea,-1,Spurs,-1,2025-04-02T18:45:00Z,4,4
298,30,FALSE,11,13,Man City,-1,Leicester,-1,2025-04-02T18:45:00Z,2,5
299,30,FALSE,4,15,Newcastle,-1,Brentford,-1,2025-04-02T18:45:00Z,2,4
300,30,FALSE,7,17,Southampton,-1,Crystal Palace,-1,2025-04-02T18:45:00Z,2,2
297,30,FALSE,8,12,Liverpool,-1,Everton,-1,2025-04-02T19:00:00Z,2,5
301,31,FALSE,16,2,Aston Villa,-1,Nott'm Forest,-1,2025-04-05T14:00:00Z,3,4
302,31,FALSE,6,4,Brentford,-1,Chelsea,-1,2025-04-05T14:00:00Z,4,3
303,31,FALSE,5,7,Crystal Palace,-1,Brighton,-1,2025-04-05T14:00:00Z,2,2
304,31,FALSE,1,8,Everton,-1,Arsenal,-1,2025-04-05T14:00:00Z,5,2
305,31,FALSE,12,9,Fulham,-1,Liverpool,-1,2025-04-05T14:00:00Z,5,3
306,31,FALSE,20,10,Ipswich,-1,Wolves,-1,2025-04-05T14:00:00Z,2,2
307,31,FALSE,15,11,Leicester,-1,Newcastle,-1,2025-04-05T14:00:00Z,3,2
308,31,FALSE,13,14,Man Utd,-1,Man City,-1,2025-04-05T14:00:00Z,5,3
309,31,FALSE,17,18,Spurs,-1,Southampton,-1,2025-04-05T14:00:00Z,2,4
310,31,FALSE,3,19,West Ham,-1,Bournemouth,-1,2025-04-05T14:00:00Z,2,2
311,32,FALSE,4,1,Arsenal,-1,Brentford,-1,2025-04-12T14:00:00Z,2,5
312,32,FALSE,9,3,Bournemouth,-1,Fulham,-1,2025-04-12T14:00:00Z,2,3
313,32,FALSE,11,5,Brighton,-1,Leicester,-1,2025-04-12T14:00:00Z,2,3
314,32,FALSE,10,6,Chelsea,-1,Ipswich,-1,2025-04-12T14:00:00Z,2,4
315,32,FALSE,19,12,Liverpool,-1,West Ham,-1,2025-04-12T14:00:00Z,2,5
316,32,FALSE,7,13,Man City,-1,Crystal Palace,-1,2025-04-12T14:00:00Z,2,5
317,32,FALSE,14,15,Newcastle,-1,Man Utd,-1,2025-04-12T14:00:00Z,3,4
318,32,FALSE,8,16,Nott'm Forest,-1,Everton,-1,2025-04-12T14:00:00Z,2,2
319,32,FALSE,2,17,Southampton,-1,Aston Villa,-1,2025-04-12T14:00:00Z,3,2
320,32,FALSE,18,20,Wolves,-1,Spurs,-1,2025-04-12T14:00:00Z,4,2
321,33,FALSE,15,2,Aston Villa,-1,Newcastle,-1,2025-04-19T14:00:00Z,3,4
322,33,FALSE,5,4,Brentford,-1,Brighton,-1,2025-04-19T14:00:00Z,2,3
323,33,FALSE,3,7,Crystal Palace,-1,Bournemouth,-1,2025-04-19T14:00:00Z,2,2
324,33,FALSE,13,8,Everton,-1,Man City,-1,2025-04-19T14:00:00Z,5,2
325,33,FALSE,6,9,Fulham,-1,Chelsea,-1,2025-04-19T14:00:00Z,4,3
326,33,FALSE,1,10,Ipswich,-1,Arsenal,-1,2025-04-19T14:00:00Z,5,2
327,33,FALSE,12,11,Leicester,-1,Liverpool,-1,2025-04-19T14:00:00Z,5,2
328,33,FALSE,20,14,Man Utd,-1,Wolves,-1,2025-04-19T14:00:00Z,2,3
329,33,FALSE,16,18,Spurs,-1,Nott'm Forest,-1,2025-04-19T14:00:00Z,3,4
330,33,FALSE,17,19,West Ham,-1,Southampton,-1,2025-04-19T14:00:00Z,2,2
331,34,FALSE,7,1,Arsenal,-1,Crystal Palace,-1,2025-04-26T14:00:00Z,2,5
332,34,FALSE,14,3,Bournemouth,-1,Man Utd,-1,2025-04-26T14:00:00Z,3,3
333,34,FALSE,19,5,Brighton,-1,West Ham,-1,2025-04-26T14:00:00Z,2,3
334,34,FALSE,8,6,Chelsea,-1,Everton,-1,2025-04-26T14:00:00Z,2,4
335,34,FALSE,18,12,Liverpool,-1,Spurs,-1,2025-04-26T14:00:00Z,4,5
336,34,FALSE,2,13,Man City,-1,Aston Villa,-1,2025-04-26T14:00:00Z,3,5
337,34,FALSE,10,15,Newcastle,-1,Ipswich,-1,2025-04-26T14:00:00Z,2,4
338,34,FALSE,4,16,Nott'm Forest,-1,Brentford,-1,2025-04-26T14:00:00Z,2,2
339,34,FALSE,9,17,Southampton,-1,Fulham,-1,2025-04-26T14:00:00Z,2,2
340,34,FALSE,11,20,Wolves,-1,Leicester,-1,2025-04-26T14:00:00Z,2,2
341,35,FALSE,3,1,Arsenal,-1,Bournemouth,-1,2025-05-03T14:00:00Z,2,5
342,35,FALSE,9,2,Aston Villa,-1,Fulham,-1,2025-05-03T14:00:00Z,2,4
343,35,FALSE,14,4,Brentford,-1,Man Utd,-1,2025-05-03T14:00:00Z,3,3
344,35,FALSE,15,5,Brighton,-1,Newcastle,-1,2025-05-03T14:00:00Z,3,3
345,35,FALSE,12,6,Chelsea,-1,Liverpool,-1,2025-05-03T14:00:00Z,5,4
346,35,FALSE,16,7,Crystal Palace,-1,Nott'm Forest,-1,2025-05-03T14:00:00Z,3,2
347,35,FALSE,10,8,Everton,-1,Ipswich,-1,2025-05-03T14:00:00Z,2,2
348,35,FALSE,17,11,Leicester,-1,Southampton,-1,2025-05-03T14:00:00Z,2,2
349,35,FALSE,20,13,Man City,-1,Wolves,-1,2025-05-03T14:00:00Z,2,5
350,35,FALSE,18,19,West Ham,-1,Spurs,-1,2025-05-03T14:00:00Z,4,2
351,36,FALSE,2,3,Bournemouth,-1,Aston Villa,-1,2025-05-10T14:00:00Z,3,3
352,36,FALSE,8,9,Fulham,-1,Everton,-1,2025-05-10T14:00:00Z,2,3
353,36,FALSE,4,10,Ipswich,-1,Brentford,-1,2025-05-10T14:00:00Z,2,2
354,36,FALSE,1,12,Liverpool,-1,Arsenal,-1,2025-05-10T14:00:00Z,5,5
355,36,FALSE,19,14,Man Utd,-1,West Ham,-1,2025-05-10T14:00:00Z,2,3
356,36,FALSE,6,15,Newcastle,-1,Chelsea,-1,2025-05-10T14:00:00Z,4,4
357,36,FALSE,11,16,Nott'm Forest,-1,Leicester,-1,2025-05-10T14:00:00Z,2,2
358,36,FALSE,13,17,Southampton,-1,Man City,-1,2025-05-10T14:00:00Z,5,2
359,36,FALSE,7,18,Spurs,-1,Crystal Palace,-1,2025-05-10T14:00:00Z,2,4
360,36,FALSE,5,20,Wolves,-1,Brighton,-1,2025-05-10T14:00:00Z,2,2
361,37,FALSE,15,1,Arsenal,-1,Newcastle,-1,2025-05-18T14:00:00Z,3,5
362,37,FALSE,18,2,Aston Villa,-1,Spurs,-1,2025-05-18T14:00:00Z,4,4
363,37,FALSE,9,4,Brentford,-1,Fulham,-1,2025-05-18T14:00:00Z,2,3
364,37,FALSE,12,5,Brighton,-1,Liverpool,-1,2025-05-18T14:00:00Z,5,3
365,37,FALSE,14,6,Chelsea,-1,Man Utd,-1,2025-05-18T14:00:00Z,3,4
366,37,FALSE,20,7,Crystal Palace,-1,Wolves,-1,2025-05-18T14:00:00Z,2,2
367,37,FALSE,17,8,Everton,-1,Southampton,-1,2025-05-18T14:00:00Z,2,2
368,37,FALSE,10,11,Leicester,-1,Ipswich,-1,2025-05-18T14:00:00Z,2,2
369,37,FALSE,3,13,Man City,-1,Bournemouth,-1,2025-05-18T14:00:00Z,2,5
370,37,FALSE,16,19,West Ham,-1,Nott'm Forest,-1,2025-05-18T14:00:00Z,3,2
371,38,FALSE,11,3,Bournemouth,-1,Leicester,-1,2025-05-25T15:00:00Z,2,3
372,38,FALSE,13,9,Fulham,-1,Man City,-1,2025-05-25T15:00:00Z,5,3
373,38,FALSE,19,10,Ipswich,-1,West Ham,-1,2025-05-25T15:00:00Z,2,2
374,38,FALSE,7,12,Liverpool,-1,Crystal Palace,-1,2025-05-25T15:00:00Z,2,5
375,38,FALSE,2,14,Man Utd,-1,Aston Villa,-1,2025-05-25T15:00:00Z,3,3
376,38,FALSE,8,15,Newcastle,-1,Everton,-1,2025-05-25T15:00:00Z,2,4
377,38,FALSE,6,16,Nott'm Forest,-1,Chelsea,-1,2025-05-25T15:00:00Z,4,2
378,38,FALSE,1,17,Southampton,-1,Arsenal,-1,2025-05-25T15:00:00Z,5,2
379,38,FALSE,5,18,Spurs,-1,Brighton,-1,2025-05-25T15:00:00Z,2,4
380,38,FALSE,4,20,Wolves,-1,Brentford,-1,2025-05-25T15:00:00Z,2,2
